"b'RT @bocavista2016: ARREST ROSIE NOW\n\n#DineshDSouza was sentenced to 8 months, 5 yrs probation, $30K fine for violating campaign finance law\xe2\x80\xa6'",-1
b'RT @OliverMcGee: May is National Military Appreciation Month!\n\nRetweet our Pride 4 our Veterans &amp; our Commander-in-Chief @POTUS @realDonald\xe2\x80\xa6',1
"b'RT @PatriotLexi: James Kallstrom, Former FBI Assistant Director on Mueller investigation: ""We got these frivolous, idiotic questions they w\xe2\x80\xa6'",-1
b'RT @TestyTarheel: Hey #TrumpTrain! \n\n\xf0\x9f\x94\xb4Pick a local pro-Trump candidate  \n\n\xe2\x9a\xaa\xef\xb8\x8fVolunteer to put up yard signs \n\n\xf0\x9f\x94\xb5work the polls on Election Da\xe2\x80\xa6',1
"b'RT @GenFlynn: We are going to win and win and win at everything we do. It is going to be tough, but Team Trump-Pence will #MAGA \xf0\x9f\x87\xba\xf0\x9f\x87\xb8\xf0\x9f\x8d\x80\xf0\x9f\x8f\x84'",1
"b'RT @John_KissMyBot: A Special Congratulations To My Very Good Friend Sara @skb_sara For Reaching 55,000 Followers.  Sara is one of the nice\xe2\x80\xa6'",1
b'@realDonaldTrump whaaaaaaazzzz up Donald?! Big fan! Keep up the good work! #usa #maga #potus',1
"b'RT @1Romans58: Trump is #WINNING so much that this polling company is hiding it\'s own polls.  LMAO  \xf0\x9f\x98\x82\xf0\x9f\x98\x82\xf0\x9f\x98\x82\xf0\x9f\x98\x82\n\nThey are putting the data in ""qua\xe2\x80\xa6'",1
b'RT @SnarkyRants45: Traitor card: #America4Sale #IranDeal #Hezbollah #FakePresident \nCure: #GITMO #EndIranNuclearDeal #MAGA #QAnon #BuildThe\xe2\x80\xa6',-1
b'RT @AngelaLily0501: No coincidences. #QAnon #MAGA #Mueller #MuellerSham #JohnKerry #ThisIsAmerica #STLCards #moleg https://t.co/q3rIjdBVcm',0
"b""RT @Trey_VonDinkis: #MAGA #MuellerWitchHunt #FakeNews #LeftistPropaganda\n\n.\n.\n.\xf0\x9f\x94\xbbMUELLER WITCH HUNT - JUDGE MULLS TOSSING MUELLER'S CASE:\n\nJ\xe2\x80\xa6""",-1
"b'RT @PatriotLexi: James Kallstrom, Former FBI Assistant Director on Mueller investigation: ""We got these frivolous, idiotic questions they w\xe2\x80\xa6'",-1
"b'RT @nedryun: Remember all that great outcry about Obama breaking the law, about doing something illegal, about violating the FEC guidelines\xe2\x80\xa6'",-1
"b'RT @MichaelDelauzon: Attention AMERICA! \n\nTRUMP RALLY FOR YOU!\nThurs. 7pm ET, South Bend, IN\n\nLive coverage on Fox News Channel, Fox Busine\xe2\x80\xa6'",1
"b'RT @nedryun: Remember all that great outcry about Obama breaking the law, about doing something illegal, about violating the FEC guidelines\xe2\x80\xa6'",-1
"b'RT @melissa5215: I can\xe2\x80\x99t wait, I think @ericbolling is great. Praying for you Eric @IngrahamAngle @FoxNews @realDonaldTrump @MagniFieri #ma\xe2\x80\xa6'",1
b'RT @dailyjobcuts: \xf0\x9f\xa4\x94 Trump to pull feds out of K-12 education \n    \n More News - https://t.co/tBG5SYCW32 \n     #Schools #College #Edu #Teach\xe2\x80\xa6',1
b'RT @ArizonaKayte: \xf0\x9f\x92\xa5Huge Congrats and  SHOUTOUT\xf0\x9f\x92\xa5\n\nTO \xe2\xad\x90\xe3\x80\xb0\xef\xb8\x8f\xe3\x80\xb0\xef\xb8\x8f\xe3\x80\xb0\xef\xb8\x8fDASH!!\xe3\x80\xb0\xef\xb8\x8f\xe3\x80\xb0\xef\xb8\x8f\xe3\x80\xb0\xef\xb8\x8f\xe2\xad\x90\n\nHE JUST REACHED \xe2\xad\x9040K\xe2\xad\x90 FOLLOWERS!!! AMAZING!!\n\nTHIS guy is so dang\xe2\x80\xa6',1
"b""RT @LVNancy: Remember #Mueller indicted 13 #Russians #Collusion\nTheir attorney's showed up to court, unexpectedly. Mueller team requested a\xe2\x80\xa6""",-1
b'RT @ScottFantasy: Which of you are going to stand up &amp; put an end to this witch hunt on our @POTUS ? @ToddRokitaIN @LukeMesserIN @braun4ind\xe2\x80\xa6',1
"b""RT @heytootssweet: @CovfefeLadyC @Success87473781 @realDonaldTrump Libs ain't even American anymore &amp; Ucan't #TRUMP THAT!  #MAGA Video \nhtt\xe2\x80\xa6""",-1
"b""RT @KaniJJackson: The projected price tag for Trump's military parade - $55M\nEstimated cost to replace Flint's pipes - $48M\n\n#MAGA""",0
"b'RT @LindaSuhler: \xf0\x9f\x87\xba\xf0\x9f\x87\xb8Don\xe2\x80\x99t miss President Donald Trump Rally Thursday, May 10th, in #Indiana!\n\xf0\x9f\x92\xa5South Bend, IN\n7 PM EST\n#AmericaFirst #MAGA\xf0\x9f\x87\xba\xf0\x9f\x87\xb8\xe2\x80\xa6'",1
"b""RT @mikandynothem: In a sad display void of God's love, John McCain banned Mr. Trump from his funeral. \nFor the record, my worst enemy is w\xe2\x80\xa6""",-1
"b""RT @intheMatrixxx: #QAlert 4/23/18 Post 1253 Q Posts Sen Grassley's 12/16 [@PPFA] CRIMINAL referral on FETAL tissue and links to 547 page r\xe2\x80\xa6""",1
b'RT @dailyjobcuts: \xf0\x9f\xa4\x94California Bill Would Allow Illegals To Serve On Government Boards\n  \n Latest  News - https://t.co/tBG5SYCW32  \xf0\x9f\x91\x8d\n\n #CA #\xe2\x80\xa6',-1
"b'I feel so bad for her, lmao #MAGA https://t.co/RiDO2XuFI1'",-1
"b'RT @intheMatrixxx: Alison Mack Update. \nTrafficking of Children by Force or Coercion.\nTrafficking of Children by Force, Fraud,  or Coercion\xe2\x80\xa6'",-1
"b'RT @PatriotLexi: James Kallstrom, Former FBI Assistant Director on Mueller investigation: ""We got these frivolous, idiotic questions they w\xe2\x80\xa6'",-1
b'RT @LouDobbs: Where in the world is Jeff Sessions? Chairman Nunes calls for Attorney General to be held in contempt of Congress https://t.c\xe2\x80\xa6',1
b'RT @_LCMB_: #TrumpTrainUSA \xf0\x9f\x9a\x841\xe2\x83\xa31\xe2\x83\xa3\n\nTrain #MAGA-nificent! \n\nSuperstar Patriots headed to their State Trains! \n\nFollow\xf0\x9f\x91\x87&amp; \xf0\x9f\x9a\x84s 1-10!\n\n@perezkelly\xe2\x80\xa6',1
"b'RT @1Romans58: Trump is #WINNING so much that this polling company is hiding it\'s own polls.  LMAO  \xf0\x9f\x98\x82\xf0\x9f\x98\x82\xf0\x9f\x98\x82\xf0\x9f\x98\x82\n\nThey are putting the data in ""qua\xe2\x80\xa6'",1
b'RT @kwilli1046: Attention All #Trump Supporters! It Is Follow Back: Sunday Night #MAGA',1
b'RT @intheMatrixxx: Have you ever seen the #JFKMemorial ariel view? Is it shaped like a #Q? \n\n#LQQK AT THIS! \n\n@POTUS #QArmy #QAnon #MAGA #W\xe2\x80\xa6',0
"b'RT @HyltonRobin: \xf0\x9f\x94\xb4\xe2\x9a\xaa\xef\xb8\x8f\xf0\x9f\x94\xb5\xf0\x9f\x87\xba\xf0\x9f\x87\xb8\xf0\x9f\x94\xb4\xe2\x9a\xaa\xef\xb8\x8f\xf0\x9f\x94\xb5\xf0\x9f\x87\xba\xf0\x9f\x87\xb8\xf0\x9f\x94\xb4\xe2\x9a\xaa\xef\xb8\x8f\xf0\x9f\x94\xb5\n \n#WeThePeople are awake, and we are taking our Country back! \nDemocrats want to sell our Freedom to glob\xe2\x80\xa6'",0
b'@MichelleResists @RealAlexJones Take off ur lib glasses and maybe u will see that Trump is the truth #MAGA',1
"b'RT @gypsy_wolf38: Wake up, let your voices be heard! Double-standard should not happen! \n#TheRainMakers \n#OneVoice \n#Metoo \n#maga \n#trumpwo\xe2\x80\xa6'",1
"b'RT @thecjpearson: Why would any black person support the Democrat Party  - the party that  enslaved us, segregated us, and treated us as if\xe2\x80\xa6'",-1
"b""RT @heytootssweet: @FoxNews good for her &amp; You can't #TRUMP THAT! Original #MAGA Video \nhttps://t.co/c0e7sHDbJo""",1
"b'True story. Best business practice. ""Politician""  Retain a back law firm. #MAGA #POTUS #TCNT #vote2018 #AAM2018 #MayDay #Kanye #willie700wlw'",1
"b""RT @TheRealHublife: This movie is over. We're in post production and while the ending and middle might seem a mystery to you, they're after\xe2\x80\xa6""",1
"b""RT @TheRealHublife: You can't vote for @realDonaldTrump and watch him beat the deep state machine in the most important election in the his\xe2\x80\xa6""",-1
b'RT @QAnonsSoldier: @FLOTUS @WhiteHouse #Americas true forever @FLOTUS. #QAnon #MAGA @POTUS #ReleaseTheTexts #NoRedactions https://t.co/waP6\xe2\x80\xa6',1
b'RT @Real_Gaz: I caught a liberal sneaking around my yard today..\n\n#MAGA \n#KAG https://t.co/acojsiNUYO',1
b'RT @kwilli1046: Attention All #Trump Supporters! It Is Follow Back: Sunday Night #MAGA',1
"b'RT @John_KissMyBot: CNN\xe2\x80\x99s Lemon, Don, Reveals That CNN WONT Be Covering Trumps Rallies During The 2020 Elections.  \n\n\xf0\x9f\xa4\x94 Hmmm, CNN is ALL ABO\xe2\x80\xa6'",1
"b'RT @intheMatrixxx: Alison Mack Update. \nSex Trafficking of Children by Force or Coercion.\nSex Trafficking of Children by Force, Fraud,  or\xe2\x80\xa6'",-1
b'RT @sxdoc: In Pursuit Of Truth: New Qanon\xe2\x80\x94May 5 EXCELLENT DISCUSSION People Fired ; Swamp Being Drained; New Q Board #MAGA https://t.co/lL1\xe2\x80\xa6',1
"b""RT @AnnaApp91838450: GOOD MORNING USA\xf0\x9f\x87\xba\xf0\x9f\x87\xb8PATRIOTS\xf0\x9f\x99\x8fBEGINNING NEW WEEK\xf0\x9f\x92\xa5PRESIDENT TRUMP DAILY IS CRACKING\nEVERY WALL\xf0\x9f\x94\xa5IN SUPPORT ENDING MUELLER'S\xe2\x80\xa6""",1
"b'RT @lucianwintrich: John Kerry should be tried for treason.\nEnd of story.\n\nI know democrats hate the United States, but plotting with our e\xe2\x80\xa6'",1
"b""RT @MeyerBen27: @dbongino and Joseph DiGenova on #LifeLibertyLevin. @marklevinshow I am so glad you got a show on FOX. Everytime I've seen\xe2\x80\xa6""",1
b'RT @CoreyLMJones: John McCain is a very arrogant and bitter man.\n\nMcCain has spent many years of his life supporting democrats and betrayin\xe2\x80\xa6',-1
b'RT @mh451: Please read this CBC piece \n\n#FBR #FollowBackResistance #Resist #Resistance #MAGA  https://t.co/7huzBlAJ37',-1
b'RT @amory_miller: Great Patriot to follow!!! \xf0\x9f\x87\xba\xf0\x9f\x87\xb8 \xf0\x9f\x87\xba\xf0\x9f\x87\xb8 \xf0\x9f\x87\xba\xf0\x9f\x87\xb8 @Terry35509308 \xf0\x9f\x87\xba\xf0\x9f\x87\xb8 #DJTrumplican #MAGA #KAG https://t.co/zSouGiG7tQ',1
"b'RT @LouDobbs: House Intel Committee Chairman Nunes: ""Send in the G-Men"" to Arrest John Kerry for Violating Logan Act https://t.co/W7lu26aCp\xe2\x80\xa6'",1
b'RT @RubyRockstar333: .@realDonaldTrump \nThis is EXACTLY what millions of us have been waiting for! \n#EndTheWitchHunt to \n#MAGA !!! \xf0\x9f\x87\xba\xf0\x9f\x87\xb8\n\xf0\x9f\x92\xa3\xf0\x9f\x92\xa5\xf0\x9f\x92\xa3\xf0\x9f\x92\xa5\xf0\x9f\x92\xa3\xe2\x80\xa6',1
"b""RT @gotspeed2burn: Dick's isn't just changing business practices - they're actively trying to curtail the Constitutional rights of American\xe2\x80\xa6""",1
b'The trophy should be steel gray and in the shape of handcuffs\n#DrainTheSwamp \n#MAGA https://t.co/uSJKUC12fD',1
b'RT @pollsofpolitics: In your Opinion who was/is the better @POTUS? @realDonaldTrump or #Obama \n\nVote and retweet to spread poll!! #TheResis\xe2\x80\xa6',0
"b'RT @CoreyLMJones: Hillary is still trying to figure out how she lost the election.\n\nWhile she\xe2\x80\x99s been doing that, Trump has figured out how\xe2\x80\xa6'",-1
"b'RT @lucianwintrich: John Kerry should be tried for treason.\nEnd of story.\n\nI know democrats hate the United States, but plotting with our e\xe2\x80\xa6'",-1
"b'RT @JordyAri: If Barack and Michelle governed so much better than President @realDonaldTrump, why couldn\xe2\x80\x99t they just solve the North Korea\xe2\x80\xa6'",-1
b'RT @TestyTarheel: Hey #TrumpTrain! \n\n\xf0\x9f\x94\xb4Pick a local pro-Trump candidate  \n\n\xe2\x9a\xaa\xef\xb8\x8fVolunteer to put up yard signs \n\n\xf0\x9f\x94\xb5work the polls on Election Da\xe2\x80\xa6',1
b'RT @CoreyLMJones: John McCain is a very arrogant and bitter man.\n\nMcCain has spent many years of his life supporting democrats and betrayin\xe2\x80\xa6',-1
b'RT @USAHotLips: 9 MINUTES......9 Minutes of TRUTH\xe2\x80\xbc\xef\xb8\x8f\n\nThis is a MUST WATCH\xf0\x9f\x91\x80\xf0\x9f\x91\x80\xf0\x9f\x91\x80\n\n@AlanDersh breaks everything down &amp; ppl need to LISTEN\xe2\x80\xbc\xef\xb8\x8f\n\n#De\xe2\x80\xa6',1
b'RT @ROHLL5: Blue is speaking the #MAGA language!!!! Please support her and RT RT RT \xf0\x9f\x87\xba\xf0\x9f\x87\xb8\xe2\x9c\x8c\xf0\x9f\x8f\xbc https://t.co/fgTt7IrRpn',1
"b'RT @realDonaldTrump: Join me in Washington, Michigan on Saturday, April 28, 2018 at 7:00pm! #MAGA Tickets: https://t.co/DISosdqBuu https://\xe2\x80\xa6'",0
b'RT @CoreyLMJones: John McCain is a very arrogant and bitter man.\n\nMcCain has spent many years of his life supporting democrats and betrayin\xe2\x80\xa6',-1
"b'RT @DonnaWR8: \xe2\x80\x98If His People, who are called by His Name, will humble themselves and PRAY, He\xe2\x80\x99ll do like He\xe2\x80\x99s ALWAYS done. ... He\xe2\x80\x99ll hear f\xe2\x80\xa6'",1
b'RT @FMoniteau: We have a winner!\n#ScottPruitt is the most corrupt person in a totally corrupt administration.\n\n#TheResistance #MAGA #Trump\xe2\x80\xa6',1
b'RT @USAHotLips: 13 yrs old......THIS is how you educate &amp; become a responsible gun owner\xe2\x80\xbc\xef\xb8\x8f\xf0\x9f\x87\xba\xf0\x9f\x87\xb8\xf0\x9f\x98\x8e\n\nI GUARANTEE you she will NOT become a mass s\xe2\x80\xa6',1
"b'RT @sxdoc: Michigan GOP candidate for governor Patrick Colbeck exposes Muslim Democrat Abdul El-Sayed\xe2\x80\x99s ties to Muslim Brotherhood, whose m\xe2\x80\xa6'",1
"b'RT @PatriotLexi: James Kallstrom, Former FBI Assistant Director on Mueller investigation: ""We got these frivolous, idiotic questions they w\xe2\x80\xa6'",-1
"b'RT @5Strat: Wow, I felt the power of that Prayer. We had a lot of folks praying for the safety and release of those enslaved in Human Traff\xe2\x80\xa6'",1
b'RT @skb_sara: Attention Patriots \xf0\x9f\x93\xa1\n\nEveryone follow my good friend &amp; patriot John. \n\nFollows all #MAGA accounts \xe2\x9c\x85\nHuge #Trump supporter\xe2\x9c\x85\n#T\xe2\x80\xa6',1
"b'RT @nedryun: Remember all that great outcry about Obama breaking the law, about doing something illegal, about violating the FEC guidelines\xe2\x80\xa6'",-1
b'@DallasIrey @Alvs31 @melissaspin08 @junogsp5 @jmatheson160 @Unicori @patriottee @youlosenordys @jcpenni7maga\xe2\x80\xa6 https://t.co/2wzjRMhtLd',0
"b""RT @WillPolitico: Would someone at @WhiteHouse please remind @realDonaldTrump\n#POTUS45 that #Hawaii is infact a state even though you can't\xe2\x80\xa6""",-1
"b'RT @blondieleigh303: @GenFlynn Thank you for your selflessness, dedication and service to our country and for fighting to protect our child\xe2\x80\xa6'",1
b'RT @Trey_VonDinkis: #MAGA #Winning\n\n.\n. \xf0\x9f\x87\xba\xf0\x9f\x87\xb8 MAGA ... Follow That !\n\n\xe2\x96\xaa\xef\xb8\x8f 51% Approval - LINK - https://t.co/e896Sx4aq2\n\xe2\x96\xaa\xef\xb8\x8f 3.9% Unemployment -\xe2\x80\xa6',1
"b'RT @Golfinggary522: Hey anyone, any race, can join The #MAGA team! Black patriots are not stuck in the democratic party! Minorities with di\xe2\x80\xa6'",1
"b'RT @thecjpearson: Why would any black person support the Democrat Party  - the party that  enslaved us, segregated us, and treated us as if\xe2\x80\xa6'",-1
b'RT @John_KissMyBot: Rosie O\xe2\x80\x99Donnell Got Caught Making ILLEGAL CONTRIBUTIONS To Democrats\n\nHere\xe2\x80\x99s The Question? Will she get A Pass Because\xe2\x80\xa6',-1
b'RT @Jared_T_Swift: Literally who makes a guest list to their own funeral \xf0\x9f\x99\x84 \n#ThisIsAmerica #MAGA #KAG https://t.co/UVUkXrteni',1
b'RT @CoreyLMJones: Boys can\xe2\x80\x99t be Girl Scouts.\nGirls can\xe2\x80\x99t be Boy Scouts.\nWhy?\nBoys are boys.\nGirls are girls.\n\nPolitical correctness ruins e\xe2\x80\xa6',1
"b'RT @thecjpearson: Why would any black person support the Democrat Party  - the party that  enslaved us, segregated us, and treated us as if\xe2\x80\xa6'",-1
"b""RT @heytootssweet: @AllenWestRepub #Mueller is America's dirtiest cop &amp; You can't #TRUMP THAT! Original #MAGA Video \nhttps://t.co/c0e7sHDbJo""",-1
"b'RT @lucianwintrich: John Kerry should be tried for treason.\nEnd of story.\n\nI know democrats hate the United States, but plotting with our e\xe2\x80\xa6'",-1
"b""@theCliftons2011 @dbongino @marklevinshow I try to always do, I think it's important to bring the fringe into the f\xe2\x80\xa6 https://t.co/l9C8Kkw0R8""",1
b'@NRATV @DiamondandSilk I love and respect #DiamondandSilk You both stand for everything I as a #Texas #Southern\xe2\x80\xa6 https://t.co/TMSVqDiLCQ',1
"b'RT @rcjhawk86: \xf0\x9f\x94\xa5Liberalism Must Be Destroyed\xf0\x9f\x94\xa5\n\n\xf0\x9f\x97\xbdDonald Trump\xe2\x80\x99s biggest, non-personal sin was winning. And for that, they\xe2\x80\x99re trying to destr\xe2\x80\xa6'",-1
b'RT @amory_miller: Great Patriot to follow!!! \xf0\x9f\x87\xba\xf0\x9f\x87\xb8 \xf0\x9f\x87\xba\xf0\x9f\x87\xb8 \xf0\x9f\x87\xba\xf0\x9f\x87\xb8 @Terry35509308 \xf0\x9f\x87\xba\xf0\x9f\x87\xb8 #DJTrumplican #MAGA #KAG https://t.co/zSouGiG7tQ',1
"b'RT @CoreyLMJones: Hillary is still trying to figure out how she lost the election.\n\nWhile she\xe2\x80\x99s been doing that, Trump has figured out how\xe2\x80\xa6'",-1
"b'@nytimes #MAGA \xe2\x80\x9cit\xe2\x80\x99s to repeat\xe2\x80\x9dful and \xe2\x80\x9cthe doubleplusgoodful clothesful are clothesful""'",-1
b'RT @RealBamaCowboy: Here is my analogy to the current investigations: Papabull and babybull standing on a hill:  babybull: \xe2\x80\x9clook at all tho\xe2\x80\xa6',0
"b'RT @John_KissMyBot: CNN\xe2\x80\x99s Lemon, Don, Reveals That CNN WONT Be Covering Trumps Rallies During The 2020 Elections.  \n\n\xf0\x9f\xa4\x94 Hmmm, CNN is ALL ABO\xe2\x80\xa6'",0
"b'RT @TheRealHublife: Dear ""Anti- Jeff Sessions"" geniuses.\n\nExplain the 29,000+ sealed Federal Indictments.\n\nDid Santa Claus put those there?\xe2\x80\xa6'",-1
"b'RT @Toughenupworld: @atowers2018 @President1Trump @realDonaldTrump You\xe2\x80\x99re exactly right, all you care about is all people in America headed\xe2\x80\xa6'",1
b'RT @DawnFults: @carrieksada @starcrosswolf @SandraTXAS @CarmineZozzora @ChristieC733 @ItsAReckoning @Hoosiers1986 @TruthsbyRalph @michaelbe\xe2\x80\xa6',0
b'RT @USAHotLips: 13 yrs old......THIS is how you educate &amp; become a responsible gun owner\xe2\x80\xbc\xef\xb8\x8f\xf0\x9f\x87\xba\xf0\x9f\x87\xb8\xf0\x9f\x98\x8e\n\nI GUARANTEE you she will NOT become a mass s\xe2\x80\xa6',1
b'RT @barbarawhitt60: @jeffsessions #Rosenstein \nWe the American people DEMAND @JohnKerry be arrested immediately. If not we the people will\xe2\x80\xa6',-1
b'RT @Lrihendry: FLORIDA must wake up and vote out big government Democrat Bill Nelson and vote RICK SCOTT for Senate! Recent Poll shows them\xe2\x80\xa6',-1
"b""RT @KaniJJackson: The projected price tag for Trump's military parade - $55M\nEstimated cost to replace Flint's pipes - $48M\n\n#MAGA""",0
"b'RT @John_KissMyBot: A Special Congratulations To My Very Good Friend Sara @skb_sara For Reaching 55,000 Followers.  Sara is one of the nice\xe2\x80\xa6'",1
b'RT @AndrewSarega: It\xe2\x80\x99s been amazing to see the progress Trump has made with the economy despite being attacked from all sides.\n\nLet the man\xe2\x80\xa6',1
b'RT @CoreyLMJones: John McCain is a very arrogant and bitter man.\n\nMcCain has spent many years of his life supporting democrats and betrayin\xe2\x80\xa6',-1
"b'Unbelievable what these people get away with!  #MAGA, #Haiti, #Kanye, #clintonfoundation,#endthefed, #CNNfakenews,\xe2\x80\xa6 https://t.co/64AhNLNihO'",1
"b""RT @adjunctprofessr: \xf0\x9f\x92\xa5\xf0\x9f\x92\xa5\xf0\x9f\x92\xa5 Let's do this Montana!\nListen to General Flynn's strong endorsement of Troy Downing for Senate!\nVote Troy Downing!\xe2\x80\xa6""",1
b'RT @Trey_VonDinkis: #MAGA #Candace\n\n.\n.\xf0\x9f\x87\xba\xf0\x9f\x87\xb8 MAGA - Follow That !\n\n. https://t.co/UAG08tj6J1',1
b'RT @IAmTheMajority1: Donald isn\xe2\x80\x99t perfect.  Let him without sin cast the first stone.   None of us cut it.   He has flaws but he does a lot\xe2\x80\xa6',1
b'RT @polishprincessh: With GOD all things are possible!  \n\nGOD answered our prayers and put President Trump as our leader.\n\nPrayers for My P\xe2\x80\xa6',1
"b'RT @Jayne720: \xe2\x80\x9cNothing nefarious"" she says.\n She used FIVE  different New York addresses &amp; FOUR variations of her name...but she didn\'t MEA\xe2\x80\xa6'",1
b'RT @mikandynothem: \xe2\x9c\x94RETWEET\xe2\x9c\x94 if you think @realDonaldTrump will end up serving two terms as President of these United States.\nWe hired him\xe2\x80\xa6',1
"b'RT @jenn_027: \xf0\x9f\x87\xba\xf0\x9f\x87\xb8\xf0\x9f\x9a\xa8\xf0\x9f\x87\xba\xf0\x9f\x87\xb8\xf0\x9f\x9a\xa8ATTENTION\xf0\x9f\x87\xba\xf0\x9f\x87\xb8\xf0\x9f\x9a\xa8\xf0\x9f\x87\xba\xf0\x9f\x87\xb8\xf0\x9f\x9a\xa8\n\n\xf0\x9f\x9a\xa8#Indiana  #Ohio  #WV   #NC \xf0\x9f\x9a\xa8\n\nYou have Primaries, Tues. May 8th\n\n\xf0\x9f\x87\xba\xf0\x9f\x87\xb8\xf0\x9f\x87\xba\xf0\x9f\x87\xb8SHOW UP TO VOTE! \xf0\x9f\x87\xba\xf0\x9f\x87\xb8\xf0\x9f\x87\xba\xf0\x9f\x87\xb8\n\nKnow your\xe2\x80\xa6'",0
b'@lainla @blahblah8976 @joanwalsh @DonaldJTrumpJr You would wish.  But you know your statement here is a lie or you\xe2\x80\xa6 https://t.co/o6RzdMq8NJ',-1
b'RT @inittowinit007: \xf0\x9f\x91\x87\xf0\x9f\x91\x87\xf0\x9f\x94\xa5\xf0\x9f\x94\xa5\xf0\x9f\x94\xa5\xf0\x9f\x94\xa5\xf0\x9f\x94\xa5\xf0\x9f\x94\xa5\xf0\x9f\x91\x87\xf0\x9f\x91\x87\n       \xf0\x9f\x94\xa5\xf0\x9f\x94\xa5TREASON\xf0\x9f\x94\xa5\xf0\x9f\x94\xa5\n.@realDonaldTrump  .@POTUS \n#Patriotsfight #QAnon #KAG \n#MAGA #TheRainMakers https://t.co\xe2\x80\xa6',0
b'RT @Fingersflying: #CCOT NUNES: Congress to Hold AG Sessions in Contempt https://t.co/ieZpwkHOLx #Nunes #Sessions #politics #DCcorruption #\xe2\x80\xa6',1
"b'RT @PradRachael: House Releases Unredacted Russia Report, Comey caught \nRED - HANDED in \nMassive LIE\nhttps://t.co/9Q5XQxbnGn\n\n#TheRainMaker\xe2\x80\xa6'",-1
"b'RT @thecjpearson: Why would any black person support the Democrat Party  - the party that  enslaved us, segregated us, and treated us as if\xe2\x80\xa6'",-1
"b'RT @Trey_VonDinkis: #MAGA #TrumpTake \n\n.\n.\xf0\x9f\x87\xba\xf0\x9f\x87\xb8 Charles Krauthammer was NOT correct about Trump prior to election, holding onto the typical DC\xe2\x80\xa6'",1
b'RT @kwilli1046: Attention All #Trump Supporters! It Is Follow Back: Sunday Night #MAGA',1
b'RT @intheMatrixxx: #LQQK AT THIS! The #QArmy is busy getting the word out! \n\nVERY well done Patriots! \n\n@POTUS #QAnon #PatriotsFight #WWG1W\xe2\x80\xa6',1
"b""RT @LVNancy: Remember #Mueller indicted 13 #Russians #Collusion\nTheir attorney's showed up to court, unexpectedly. Mueller team requested a\xe2\x80\xa6""",-1
"b'RT @thecjpearson: Why would any black person support the Democrat Party  - the party that  enslaved us, segregated us, and treated us as if\xe2\x80\xa6'",-1
"b'RT @VoteTrumpPics: ""My husband is ready to lead this great nation."" - @MELANIATRUMP\n\nMelania Trump \xf0\x9f\x87\xba\xf0\x9f\x87\xb8 #MAGA https://t.co/52wizZeDBa'",1
b'RT @hirschA8720: \xf0\x9f\x93\xa3All aboard M\xe2\x80\x99s Trump \xf0\x9f\x9a\x8210\n\nFollow All &amp; Retweet -- This is a FOLLOW BACK train.\n \n@7sozo\n@Cstroede\n@karmasenz\n@Liberty36_\xe2\x80\xa6',1
"b""RT @AnnaApp91838450: https://t.co/v6drniFNaJ\nThank God\xf0\x9f\x99\x8f Congressman Devin Nunes Real PATRIOT With Brass Balls\xf0\x9f\x92\xa5He's Fighting For All Of Us \xf0\x9f\x99\x8f\xe2\x80\xa6""",1
"b'RT @CoreyLMJones: Hillary is still trying to figure out how she lost the election.\n\nWhile she\xe2\x80\x99s been doing that, Trump has figured out how\xe2\x80\xa6'",-1
"b'RT @lucianwintrich: John Kerry should be tried for treason.\nEnd of story.\n\nI know democrats hate the United States, but plotting with our e\xe2\x80\xa6'",1
"b""RT @mikandynothem: In a sad display void of God's love, John McCain banned Mr. Trump from his funeral. \nFor the record, my worst enemy is w\xe2\x80\xa6""",-1
"b'RT @thecjpearson: Why would any black person support the Democrat Party  - the party that  enslaved us, segregated us, and treated us as if\xe2\x80\xa6'",-1
"b'RT @jenn_027: \xf0\x9f\x87\xba\xf0\x9f\x87\xb8\xf0\x9f\x9a\xa8\xf0\x9f\x87\xba\xf0\x9f\x87\xb8\xf0\x9f\x9a\xa8ATTENTION\xf0\x9f\x87\xba\xf0\x9f\x87\xb8\xf0\x9f\x9a\xa8\xf0\x9f\x87\xba\xf0\x9f\x87\xb8\xf0\x9f\x9a\xa8\n\n\xf0\x9f\x9a\xa8#Indiana  #Ohio  #WV   #NC \xf0\x9f\x9a\xa8\n\nYou have Primaries, Tues. May 8th\n\n\xf0\x9f\x87\xba\xf0\x9f\x87\xb8\xf0\x9f\x87\xba\xf0\x9f\x87\xb8SHOW UP TO VOTE! \xf0\x9f\x87\xba\xf0\x9f\x87\xb8\xf0\x9f\x87\xba\xf0\x9f\x87\xb8\n\nKnow your\xe2\x80\xa6'",0
"b'@diehl6_kathy Mueller is in bed with Obama, i believe their plan is to keep the pressure on Trump until 2018 electi\xe2\x80\xa6 https://t.co/gK4p2b6wxy'",-1
"b'RT @5Strat: Picture, drawing &amp; bio of TS Ellis III, judge for the Manafort case. #MAGA #KAG #QAnon #TQFam #8Chan #TheGreatAwakening #TheSto\xe2\x80\xa6'",1
b'RT @intheMatrixxx: This is why Hillary Clinton could not be allowed to win. \n\n#RedCross \n@POTUS #QAnon #QAnonPosts #GreatAwakening #ItsHapp\xe2\x80\xa6',-1
"b""RT @heytootssweet: @Lucky5713 @SenFeinstein Libs don't even care bout Hillary's 33k emails &amp; U can't #TRUMP THAT! Original #MAGA Video \nhtt\xe2\x80\xa6""",-1
"b'RT @lucianwintrich: John Kerry should be tried for treason.\nEnd of story.\n\nI know democrats hate the United States, but plotting with our e\xe2\x80\xa6'",1
b'RT @intheMatrixxx: Is this @vj44 [Valerie Jarrett] and @johnpodesta at some weird naked party? \xf0\x9f\x98\xb1\n\n@POTUS #QArmy #QAnon #PatriotsFight #Sata\xe2\x80\xa6',-1
b'RT @LouDobbs: Where in the world is Jeff Sessions? Chairman Nunes calls for Attorney General to be held in contempt of Congress https://t.c\xe2\x80\xa6',-1
"b'RT @LouDobbs: House Intel Committee Chairman Nunes: ""Send in the G-Men"" to Arrest John Kerry for Violating Logan Act https://t.co/W7lu26aCp\xe2\x80\xa6'",-1
b'RT @AnnaApp91838450: https://t.co/NfB8ek2kv7\nHALALUAHA \xf0\x9f\x99\x8fTHANK YOU \nCLINT EASTWOOD\xf0\x9f\x92\xa5A REAL \nPATRIOT. THAT STANDS \xf0\x9f\x92\xafWITH PRESIDENT TRUMP \nAMERI\xe2\x80\xa6',0
"b'RT @jenn_027: \xf0\x9f\x87\xba\xf0\x9f\x87\xb8\xf0\x9f\x9a\xa8\xf0\x9f\x87\xba\xf0\x9f\x87\xb8\xf0\x9f\x9a\xa8ATTENTION\xf0\x9f\x87\xba\xf0\x9f\x87\xb8\xf0\x9f\x9a\xa8\xf0\x9f\x87\xba\xf0\x9f\x87\xb8\xf0\x9f\x9a\xa8\n\n\xf0\x9f\x9a\xa8#Indiana  #Ohio  #WV   #NC \xf0\x9f\x9a\xa8\n\nYou have Primaries, Tues. May 8th\n\n\xf0\x9f\x87\xba\xf0\x9f\x87\xb8\xf0\x9f\x87\xba\xf0\x9f\x87\xb8SHOW UP TO VOTE! \xf0\x9f\x87\xba\xf0\x9f\x87\xb8\xf0\x9f\x87\xba\xf0\x9f\x87\xb8\n\nKnow your\xe2\x80\xa6'",0
"b'RT @intheMatrixxx: Have you ever seen/heard ANYONE talk about their \xe2\x80\x9cimpending"" death? Headlining on #MSM? Do people talk about their impen\xe2\x80\xa6'",-1
b'RT @AnnaApp91838450: https://t.co/8F7bBb8c37\nAMERICA WAKE UP MUELLER IS ABOUT TO BE BROUGHT TO WOOD SHED/HAVE A COME TO JESUS MOMENT\xf0\x9f\x92\xa5PATRIO\xe2\x80\xa6',1
"b'RT @QTheRainmakers: Special car. #CO45 \nToday is about new beginnings and unity, also about recognizing bonds we share, I love our @POTUS a\xe2\x80\xa6'",1
b'RT @CalmSeas5: @TheLastRefuge2 great hunch. I was thinking clapper or brennan. never even crossed my mind it was this judge. you are probab\xe2\x80\xa6',1
"b""RT @heytootssweet: @FoxNews it's been a sham  from the start &amp; You can't #TRUMP THAT! Original #MAGA Video \nhttps://t.co/c0e7sHDbJo""",1
b'RT @sxdoc: Sometimes a person must just accept what happens and make the best of it #MAGA https://t.co/OT3mTkuElo',1
b'RT @pollsofpolitics: Did @realDonaldTrump make a Mistake by adding #RudyGiuliani to his legal team??\n\nVote and retweet to spread poll!! #Th\xe2\x80\xa6',0
b'RT @John_KissMyBot: Rosie O\xe2\x80\x99Donnell Got Caught Making ILLEGAL CONTRIBUTIONS To Democrats\n\nHere\xe2\x80\x99s The Question? Will she get A Pass Because\xe2\x80\xa6',-1
b'RT @LouDobbs: Where in the world is Jeff Sessions? Chairman Nunes calls for Attorney General to be held in contempt of Congress https://t.c\xe2\x80\xa6',-1
b'RT @rjoseph7777: Trump lawyer Giuliani does not rule out payments were made to other women https://t.co/jgONrIWVPe #TrumpRussia #Mueller #R\xe2\x80\xa6',-1
b'RT @KernUnited: @ValeriePrimros4 @marylene58 @Republikim1 @LivingWater77 @JamesLWolff @ImCh1quita @ChgocadChic @DrSueDVM @tgradous @AZWS @p\xe2\x80\xa6',0
b'RT @KernUnited: @ValeriePrimros4 @marylene58 @Republikim1 @LivingWater77 @JamesLWolff @ImCh1quita @ChgocadChic @DrSueDVM @tgradous @AZWS @p\xe2\x80\xa6',0
"b'RT @nedryun: Remember all that great outcry about Obama breaking the law, about doing something illegal, about violating the FEC guidelines\xe2\x80\xa6'",-1
"b""RT @LenaeMay: Oh snap! She's going to jail! Such a circus barker. Bark bark\xf0\x9f\x92\xa5\xf0\x9f\x92\xa5\xf0\x9f\x92\xa5#TheRainMakers #TheStorm #MAGA #OneVoice #TrumpWorld #Patriot\xe2\x80\xa6""",-1
b'RT @LouDobbs: Where in the world is Jeff Sessions? Chairman Nunes calls for Attorney General to be held in contempt of Congress https://t.c\xe2\x80\xa6',-1
"b'RT @CoreyLMJones: Hillary is still trying to figure out how she lost the election.\n\nWhile she\xe2\x80\x99s been doing that, Trump has figured out how\xe2\x80\xa6'",-1
"b'Thread by @_VachelLindsay_: ""1. To clarify: I\'ve repeatedly said Carter deserves a , because of the quality of her\xe2\x80\xa6 https://t.co/A1ZUo4TOjO'",1
"b'RT @CoreyLMJones: Hillary is still trying to figure out how she lost the election.\n\nWhile she\xe2\x80\x99s been doing that, Trump has figured out how\xe2\x80\xa6'",-1
b'RT @CoreyLMJones: John McCain is a very arrogant and bitter man.\n\nMcCain has spent many years of his life supporting democrats and betrayin\xe2\x80\xa6',-1
"b'RT @lucianwintrich: John Kerry should be tried for treason.\nEnd of story.\n\nI know democrats hate the United States, but plotting with our e\xe2\x80\xa6'",-1
"b'@SharylAttkisson I really wanted to, but never recovered when he quit.\n#MAGA and Trump this time'",-1
b'RT @RedsGreeneville: @RealAlexJones Alex Jones is the only person in the media who tell the truth about all the false flags and liberal new\xe2\x80\xa6',-1
"b'RT @sxdoc: Excellent: QAnon President Trump Foils plans to take down America; Sessions Doing His Job; Dems are in trouble, involved in Seth\xe2\x80\xa6'",-1
b'@dbongino @marklevinshow GREAT show tonight. A Must See. #DrainTheSwamp #MAGA',1
b'RT @kwilli1046: Attention All #Trump  Supporters - Many Patriots Are Being Shadow Banned Again! Shadow Banning Limits Free Speech by Restri\xe2\x80\xa6',1
"b'RT @thecjpearson: Why would any black person support the Democrat Party  - the party that  enslaved us, segregated us, and treated us as if\xe2\x80\xa6'",-1
b'RT @kwilli1046: Attention All #Trump Supporters! It Is Follow Back: Sunday Night #MAGA',1
b'RT @SheriffClarke: Bet there WILL BE NO DIFFERENCE in failing test scores of black kids with teachers not in the classroom and on the picke\xe2\x80\xa6',-1
"b'RT @CoreyLMJones: Hillary is still trying to figure out how she lost the election.\n\nWhile she\xe2\x80\x99s been doing that, Trump has figured out how\xe2\x80\xa6'",-1
"b'RT @jayMAGA45: Remember when Obama did this? Me either. ""The Trump economy has created, since his election, 3.2 million new jobs."" #MAGA #K\xe2\x80\xa6'",1
b'RT @CoreyLMJones: John McCain is a very arrogant and bitter man.\n\nMcCain has spent many years of his life supporting democrats and betrayin\xe2\x80\xa6',-1
"b'RT @CoreyLMJones: Hillary is still trying to figure out how she lost the election.\n\nWhile she\xe2\x80\x99s been doing that, Trump has figured out how\xe2\x80\xa6'",-1
"b'RT @Johnny_Congress: Trump is going to turn the Nobel Peace Prize back into a prize of true accomplishment.\n\nObama didn\xe2\x80\x99t deserve it, Trump\xe2\x80\xa6'",1
"b""RT @KaniJJackson: The projected price tag for Trump's military parade - $55M\nEstimated cost to replace Flint's pipes - $48M\n\n#MAGA""",-1
"b""@krusso14 @marklevinshow @POTUS @SarahPalinUSA @SenJohnMcCain I'd pity him. And I do.\n I save my laughs for my chil\xe2\x80\xa6 https://t.co/xAgt1ypDBk""",1
b'RT @mog7546: A REAL NUTJOB\n\n#Infowars founder #AlexJones was diagnosed with NARCISSISTIC PERSONALITY DISORDER in a PSYCHIATRIC EVALUATION\xe2\x80\xa6',-1
"b'RT @lucianwintrich: John Kerry should be tried for treason.\nEnd of story.\n\nI know democrats hate the United States, but plotting with our e\xe2\x80\xa6'",1
b'RT @allieri: The anti-McCain Trump-supporting Twitter trolls are literally the worst of the worst.  Simply disgusting. They don\xe2\x80\x99t represent\xe2\x80\xa6',-1
b'RT @intheMatrixxx: @IvotedT @DreamwalkerWC @tkearney922 @prayingmedic @OrigamiMeme @FedupWithSwamp @Ginger4Trump @CarrollQuigley1 @Jordan_S\xe2\x80\xa6',0
b'RT @USAHotLips: Anti-American @BillKristol seems to have reached new heights (or depths) of #Hypocrisy. In the hope that a few of the hater\xe2\x80\xa6',1
b'RT @intheMatrixxx: #LQQK AT THIS! The #QArmy is busy getting the word out! \n\nVERY well done Patriots! \n\n@POTUS #QAnon #PatriotsFight #WWG1W\xe2\x80\xa6',1
"b""RT @Ryutora: Rosie O'Donnell needs to be taught a lesson and be punished for her crimes. She's no different than any other left wing nut jo\xe2\x80\xa6""",-1
"b'@FoxNews @dbongino @realDonaldTrump @marklevinshow \nDid you all forget,\nObama: ""Fundamentally Transforming the Unit\xe2\x80\xa6 https://t.co/doT7tXGelM'",1
"b'RT @Trey_VonDinkis: #MAGA #TrumpTake \n\n.\n.\xf0\x9f\x87\xba\xf0\x9f\x87\xb8 Charles Krauthammer was NOT correct about Trump prior to election, holding onto the typical DC\xe2\x80\xa6'",1
"b'RT @thecjpearson: .@kanyewest was right. Slavery is a choice. Today, far too many people of color blindly follow the Democratic Party, allo\xe2\x80\xa6'",-1
b'RT @RhondaSc123: @TopInfoBlogs @Tekka83678596 BOOM YOU SAID IT! LOL\n  #OPMAYFLOWER2018 #WWG1WGA #QAnon #GoodTRUMPsEvil #LoganAct #Treason #\xe2\x80\xa6',1
b'RT @Jillibean557: Wow \xf0\x9f\x98\xb2 Trump called out North Korea \xf0\x9f\x87\xb0\xf0\x9f\x87\xb5  in 1999! Nearly 20 yrs later &amp; not until #PresidentTrump does the USA \xf0\x9f\x87\xba\xf0\x9f\x87\xb8 aggressiv\xe2\x80\xa6',1
"b""RT @mikandynothem: In a sad display void of God's love, John McCain banned Mr. Trump from his funeral. \nFor the record, my worst enemy is w\xe2\x80\xa6""",-1
"b'RT @adjunctprofessr: RT! RT! RT!\nMake Twitter CEO accountable for denying conservatives free speech!\n30 days to collect 100,000 signatures!\xe2\x80\xa6'",1
"b'RT @Miles_to_go147: ...rephrase...""should"" Rosie O\'Donnell go to prison for breaking (((known))) campaign law 5 times and exceeding limits?\xe2\x80\xa6'",1
"b'RT @sxdoc: Excellent: QAnon President Trump Foils plans to take down America; Sessions Doing His Job; Dems are in trouble, involved in Seth\xe2\x80\xa6'",1
b'RT @_LCMB_: #TrumpTrainUSA \xf0\x9f\x9a\x841\xe2\x83\xa30\xe2\x83\xa3\n\nZooming by!  No time to wait for those not ready to #MAGA!\n\nFollow!\xf0\x9f\x91\x87\xf0\x9f\x9a\x84s 1-9 too!\n\n@PATRIOTINDIXIE\n@KCnLA\n@\xe2\x80\xa6',1
"b'RT @CoreyLMJones: Hillary is still trying to figure out how she lost the election.\n\nWhile she\xe2\x80\x99s been doing that, Trump has figured out how\xe2\x80\xa6'",-1
b'RT @Tombx7M: Look what they\xe2\x80\x99ve done\n#WattersWorld #Trump #QAnon #KAG #MAGA https://t.co/vXosuxvMPk',1
b'RT @Jared_T_Swift: Literally who makes a guest list to their own funeral \xf0\x9f\x99\x84 \n#ThisIsAmerica #MAGA #KAG https://t.co/UVUkXrteni',1
b'RT @CoreyLMJones: John McCain is a very arrogant and bitter man.\n\nMcCain has spent many years of his life supporting democrats and betrayin\xe2\x80\xa6',-1
"b""RT @TheRealHublife: Let's also try and forget that Sessions just hired @GenFlynn's protege as his TOP National Security Advisor a few weeks\xe2\x80\xa6""",1
"b'RT @jenn_027: ""For those who hope in the LORD will renew their strength. They will soar on wings like eagles; they will run and not grow we\xe2\x80\xa6'",1
"b'RT @SandraTXAS: Blankenship could have protected them, but money was more important than lives:\n\n29 miners, ages 20 to 61, died in the Apri\xe2\x80\xa6'",-1